0,1,2,3,4,5,6,7,8,9
PALL,MYAN,AGOP,OCHD,XOAK,VLAK,NBRB,NCCP,PIND,DBLB
VFDE,NTAT,TSTI,NAGA,CCDA,CDUM,AUNI,CHOE,ISTN,TGIL
CNEW,TCON,YBRA,CWIL,AGLA,AEIE,TLBJ,CWPS,IDEP,
COPA,CPAT,ABRK,WTAC,ISHO,UDGW,NLAN,GBAX,IDIA,
OKE2,CDES,GDAL,CWIR,CFLB,ATAK,MDER,XGRA,OPOL,
OPEB,HMAK,CSVA,MWIS,ORCK,WBUR,AFEL,CALG,FIVE,
NGAL,AGUN,ADVK,SMCR,CDGR,VSAW,HDIL,OSUM,IBOF,
HKII,TCOM,PFTR,VDAV,UINT,CMAN,OSFK,WHIL,ABLU,
NJES,CGND,TFDV,AHPI,IPOW,TBIG,MPOP,FPAE,RAYS,
OCIN,HKUA,CRCR,MSIN,MSTE,MTUR,GNEW,WPEO,TDYE,
ITWR,WENT,OBMR,CDRY,XBAR,TPEA,TPIN,PHOP,CMN2,
CLOO,NALL,WQUA,MHEA,KJAC,NTMT,TBOO,MLIT,XDEA,
ANAV,WAPP,ASAS,MLIB,ACHP,WDRY,CBZE,KKYL,CSHQ,
CHOR,FCEN,NFBR,JMID,OBAS,WFTA,CRIA,MBEM,WBKN,
LEVA,CKEE,IMIS,IFLI,WASH,AJAR,PTRX,ODUN,AFLT,
CSP3,TMER,MMAC,COAM,CTAN,CBLK,IHAR,MCOU,ATRA,
ISAD,CSLC,MBLU,VHQS,CWEE,MRUD,WELR,WMOU,ILHH,
ASLC,CLAG,WHUR,NBLU,MCAN,CPCG,CBUU,CCON,XDUL,
CBDR,CCFA,NWIL,WFIR,LKIS,GLAW,SGRR,CSHA,ISYR,
WBEC,CBBR,APTM,WAPO,CBRC,TPOS,CWOO,CBAI,TDAY,
CBAR,WCOY,CPUR,CJER,CLGE,ICTT,ARIN,SMRC,CMNR,
TLUM,KGRE,ASEL,HPUL,SEVI,OBRR,ACHT,HPUN,IBIO,
CPOV,VFEO,XBOS,CNST,XCAP,CBAC,WJEF,IRAF,MELY,
NSVM,MZRT,OSEL,NDNW,CTIM,NWAT,APAX,HHON,GTOC,
IFOX,CEUR,PDIS,MWEF,SACE,NMAT,AWON,HHAI,MWHH,
AEVE,HWKL,TVIC,CHIG,CHRM,NCHV,TCAP,CCOR,IDIX,
MFIN,HNEN,AHUM,XBAD,MHIB,OFLA,CBBP,ASKI,ISKI,
COKO,CMLL,MREX,CEST,OBOH,FBLA,SRED,WELK,CSDC,
IPIN,ATAL,CWHT,GBAI,ASCL,MSTB,AEUT,JWOO,TNEA,
HPTA,NNAC,ASUN,AWLL,ITOW,AGOO,ABLL,MMOO,CSUG,
OSLI,IROU,CSUF,CWES,ISAY,ABOL,SKIN,OECK,AHAR,
CRMA,CBNR,CCLD,SBEA,ITRI,ISNA,AHPK,TROU,AGRA,
WVMR,CBMT,CELI,IBEA,LDOV,WHAL,CCOO,CCPP,DIAM,
MASS,CDVR,WLEE,CWAK,ALTB,AIRO,IOHI,FOAS,CBRN,
CBRA,CSQD,TSAU,CSAC,NCOM,MMGR,VTOM,ACHI,MITA,
CCRN,ASTR,AGRO,AHUR,TBAR,NRER,WHOA,NSPM,ABLA,
MBAP,OMRR,CCHN,NLUM,OVIL,PMAN,OMOR,IDTC,OFAL,
COLV,SWAL,CWWC,OHAY,MSEE,MYAA,CWHC,MHEL,MFOR,
FBLO,GFTB,ADEN,MTIM,KANE,AKUG,MHNT,IBRA,GCOC,
CINW,CHEP,VGLE,MSPI,NAUS,CTHO,MBPN,CNFO,CCUC,
TGEO,WDRC,FHON,ILIN,CJAW,NTEX,CBKD,GTAY,AOAK,
IBUL,TBEL,GOKN,CCSH,WGOH,ASER,CCRO,HLKA,XHAC,
CLGA,ARUT,VFSO,VVIE,MNIN,CBEA,CSAU,HKAW,NSKY,
WTCR,CSJO,KHMW,HMAP,TPXW,CMPK,WPOL,HPUO,GCML,
UFMB,OWAM,CCAL,OBOC,CSRI,WILD,COAK,XCIM,TELM,
OMLL,SLAN,OLON,XTOW,CCTH,AGUY,LLAC,XCUB,WOWW,
MLTC,ASAG,CBEN,CDIA,HPTK,PYEL,BADG,CKEN,CSAG,
CBMX,UDSP,GTAL,FSAN,NWMT,AREN,CPOR,AGLO,IPOT,
AMOL,CTMC,CBOG,IPIT,MROC,CTRI,MATL,ICIT,MLNC,
NCRA,AHBR,TBUR,WHAG,AKLP,NCED,GOKE,TWIM,BRYS,
CGRP,WSAN,IDEA,IJBB,GDIN,VFNO,CSNL,AJAT,WCNW,
WTUR,MBIE,OCRA,CPNN,ALIV,CCHU,ABLS,WDYC,MLRC,
WBOS,MCBT,OMER,TPRE,CKON,WLAO,CHC3,WWSB,TDEL,
SMRU,ACKN,AFRA,XGIL,MBUR,ADUN,CSED,MLAU,COZE,
CHPP,SSV2,YMVA,CBRO,MEF3,MPRR,PKEN,CSRH,CCAS,
TJAY,HHAK,HHPH,JEBF,IEZR,CHUN,APAL,WCAN,ILOD,
AKLK,ACHG,CEEP,OSAG,SIND,OSLK,XI40,WGRN,MTPT,
ARAB,OFLY,HKLL,APNS,ALIR,MDET,WIRO,TOCO,CNSC,
AMCK,CHEN,CSAW,CANA,WFIN,NFOX,MBDA,TLAG,OALL,
OTUP,CFIS,ISHI,YLON,MCSA,MKIT,XZUB,HMLK,MSHH,
OFIE,TKIC,TWES,PROA,CMTZ,ISUL,WTMH,ACRO,WCEC,
AFAP,CRED,TSOU,LGUM,CPIN,TLAC,WELL,IMID,AOKM,
ADRL,GLOU,MPI2,WHIG,CRUT,HWPH,MISA,CLFD,MTRY,
CIND,OROU,N7MR,XWDR,MPTX,SCUS,CKNE,WWIN,WLES,
CQUI,WROM,MHEB,CBUL,THUN,CCAA,JWAL,ASLR,MSTM,
UDGS,CMTW,MGAL,MAVA,WNES,IRED,XMCG,SSAN,CHLR,
XSLA,TZAV,TMCG,NSHR,MMNR,HKUL,OHOY,MNOX,HMAH,
XMES,WQUC,CMEN,HKLF,WVIE,PVIE,OZAL,MPEL,TELE,
AFYK,OSAL,VAPP,TGRE,ILEA,TTEX,WCAR,WSAF,ICOP,
NGAN,CRMR,AHON,CFRE,ODEN,FEDD,OTRO,ISTE,CTLR,
IMAR,AVER,CTON,AGIR,MSTI,OCAL,CSHH,ICHL,CMOD,
OPAT,CPRD,GRIC,AGRN,AML2,OHIG,SANP,AHAV,STAB,
NHOH,MCYC,PBRK,MATN,NRAI,WSMI,ATAI,CBNL,MBCB,
ADON,WMDW,AJES,CCDP,FLWR,OTID,CTRM,OUMA,XBLR,
CSCN,NWHI,CLTU,ATKL,APRE,WDOD,WFAI,AUCR,TLUF,
AMUS,CSNR,WWAU,BKTL,AJBE,CPRT,CLDR,WORO,MSUA,
HPHE,CMOR,HUSG,NDEA,TARA,MSTO,WGDE,AHAI,NGRF,
CCRE,VPRW,CHEL,WTEE,CWLS,FCHE,ATOK,CFIV,NBAR,
MCWC,CSAN,XMOU,CBRI,OHAR,MGLE,MMEA,CBLA,BUCF,
CRDR,AOLA,CMRQ,CSPK,NFAI,ITAY,VHIL,NSTO,ONOB,
JCOY,NWSB,OYLP,AINI,CWWR,ARAG,MCTM,GBRE,TGUA,
ASTO,AELL,TCHE,BRUN,MSUS,ASWA,ACHR,MSFJ,BUES,
WECH,MKNO,ASSL,AODE,WETT,LBAR,MWIN,ACTU,OLMC,
CCHE,SHUR,PWOL,CBLM,IROC,WEGL,TATT,VAUG,CQUA,
IPCK,WSOD,TMCK,CART,CBIG,HSCO,MSCX,FINL,IMHO,
CCHS,MEUR,WHAY,MBST,WSTH,OCHL,CVIS,HENR,OBOU,
MYEL,VWIS,PCWP,ANOO,MSQU,MBLH,TCHU,NSND,AHOO,
MKET,ATSK,ABOX,ANOA,PQUA,MRAG,CCOY,HLAN,WHUM,
NCRO,CKLA,COPS,OEDE,CBIR,OWAS,CDIN,WCLA,CGUN,
CSIM,ABNS,MTRO,AGRZ,OONI,MRAC,NCHE,CBUK,NUWH,
IIND,OROB,CCHH,NKAN,ABEL,KTRI,WNCS,APLE,TCDD,
HAHU,TTEM,OMID,SWIT,TSN2,MWIC,WPRD,WALD,OBRI,
OWIL,UBCS,ASTU,CCOU,WNEC,SNEM,IPRL,KYEL,WPHE,
MPHL,CCSX,ASOL,VELK,NPAN,WWOO,CRTL,THEN,AUAM,
CALT,ATUS,MBCI,CATL,CWHH,NBEA,ASHE,CWWO,ATTA,
MPIS,OBLA,NSTA,WSAW,WDIA,KALP,MCOV,CBLU,CSOM,
TLEW,CLFL,FLAK,ICRS,CSRE,SAND,NRAV,AASI,AEAG,
XMAG,XSFW,MSOD,WSHA,OEAG,CANZ,WOFA,AHOR,CMET,
CHOM,ILBK,CGOO,TBLE,CLPK,CFMI,CDRA,WCAB,CBVR,
HMOL,MGWI,WSIG,NDES,HPUA,WKRA,PGNC,XQUN,ACHF,
OFIS,FBRI,MMIS,WAEN,OMTW,XSLB,WPDW,JJAC,CMID,
WCAS,NASH,WKID,HSCH,ICOR,MWEG,TCHI,YIRO,COWE,
WBRO,WRAS,AMTL,AKIA,OBRO,CCRZ,AMOT,CDNK,GATH,
AWAR,OCED,IBAI,CLAU,CCAT,OSUG,AFLG,WLOG,XSEV,
CCS2,OCAS,CBSR,ASTK,MLEO,WWLP,OBAL,WLAR,CMOU,
MNWL,TPSF,CKET,CJUL,MBOO,CSDU,CLAH,WTFL,NKYL,
CLIN,CPNC,ABAN,VESS,MMIO,CFRI,NREB,AFAI,NBUF,
OBRK,MKLL,NBUS,APED,VUPP,CORE,MTOM,TGAI,MEKH,
TLRG,CCAB,PBLA,WMIL,NWRR,CWAW,MSSC,VKIN,ODEV,
WGOL,FNAV,NDEV,CBAL,CCRR,TIND,CHDV,NRUT,CASC,
TFHD,GMET,LCAN,KSTA,CWDY,OREM,MBRO,CUTE,PLOC,
CDOY,XCOS,ANOR,AKIL,CBKE,CSOL,NKIN,CLIT,WDDG,
FOCH,CCOL,TCLA,XDAT,CDEM,WCRA,CSLA,ACNL,CPAR,
AKAK,WBOY,XRES,MDEE,CFAN,NBFT,CMCB,MSUN,ABEV,
CHAS,CCMO,CMOC,MGRL,CJUA,VFVA,GDYA,CFEN,CBNN,
VWOO,OWIC,TPAI,CBSP,WESC,NLLK,CBPI,MMVW,BRYC,
ASAL,AMAN,OCRO,CVAL,SLON,ACOL,BEAR,JBLU,CCUY,
CLAR,ANUN,XBUR,CBRT,OEVA,JENS,OTIL,SWEI,ASCA,
CHTF,CMLM,OKEL,WTOM,WFAL,AROU,NCRE,GMOO,IHOO,
BLAC,HPTW,AOKL,CELP,CPCY,CATT,AUMI,ABNT,MSHE,
OCHI,WSAD,MBOT,OCOL,CYUR,WGUE,ISPA,GBYR,AANG,
NBRP,IBNR,MANN,MCON,MRED,TPAL,CHAN,AEMP,INEA,
ABUC,ADEV,THMB,WHYA,MFOU,NFIS,IAN1,MMLO,MRBY,
CARR,WLAD,MSPO,GMCI,VSTO,ISCO,CBRE,CHBG,MSLV,
OEMI,CHGL,YEAS,CDOG,CBLQ,FSUM,AGEO,FNKD,MPAR,
TKYL,FLKG,MJET,WWTM,CDEE,NWAM,NFIN,WSPC,XBEA,
NRUB,WSND,TMIL,AWEI,MCAR,GBRA,CTEP,MFSH,HKAL,
WEAG,NIPS,CWHS,ACSG,HPKE,WJIM,IFLE,TCOK,CDEA,
MDEB,WBCR,OGEL,ACHE,WBAR,JOES,ISLA,OGOO,HPUW,
CCMT,NTIM,NHIG,PMOR,SELK,CSFD,OPO2,MWAH,CREF,
CELM,NMRN,CYOL,WSNO,ALYN,CTWI,ULAK,CCAR,OILL,
CDRG,CFHL,AHOD,TSBN,IPCR,MPOL,MBOG,CLPA,NDBR,
CBLD,OCAI,ARUC,VWRF,AMOS,WMRB,OWLL,CTDN,AAHA,
CSMR,CF31,SWTP,MHUN,MGAT,VBEE,FSTW,SIGN,NTUS,
AKAI,CLCR,OQUA,NELI,ORED,THEB,IBON,MDON,XMAY,
CBGR,CDOW,MFRE,ACAN,GCAM,ALNE,GMCR,MBRD,NNWB,
CMAL,NSAR,MLAB,OTEP,WCOW,OCOD,CMIL,GCHS,ATLA,
ASES,XMOG,MENN,NTYL,NSCK,AKAL,NTUR,TLAY,MSUL,
MBRA,TGUR,KBSN,UWIL,ATAH,MCUT,ROSE,FTAL,UOSP,
CPKR,WDOU,TBIR,IPOB,CBAT,ACBL,CBMO,MWAU,ACHM,
CPLA,WHUC,CSRS,AFPK,CMTH,IARC,ACCR,YWAN,CRSP,
ABER,PRIE,HWHT,OMTY,CBIP,MCLI,TSMW,ASTH,NDSS,
CLSK,OTTE,SSFS,OJOR,CRIC,OHEH,CHOL,MKEN,SDUR,
ACOV,AGOL,SSAT,ABEN,OYEL,CCAM,AHLM,MRDS,OFOS,
HOAH,CREA,AKLA,OCO2,NDOU,CTAY,OCAB,CGSP,MBEN,
MPIN,OCHR,MSKB,CASM,ASIL,ATRP,IRRP,NJCY,MEKK,
ATEL,NBAC,CRAV,CMSJ,URSP,CRAM,NLON,NORW,CVAY,
CRCH,ATAG,NDRO,MYAL,VKEA,CCRT,TMRL,WLTP,KKOO,
WANT,CCHB,NJCL,HMRG,THAM,CGOR,AWLR,VCON,GCOO,
WBRK,MSTR,ARED,TCHC,CBEU,AINN,CSLP,MLIS,CJHL,
TBFX,MPOI,MHOT,OSPA,MRIC,NCOI,XWAS,CROD,ASIS,
TDRI,MSEA,ORID,YLPL,XMAL,CGA2,FTOP,NANT,MLTT,
MTUC,TLOS,CPIL,OWAN,MOXB,HKPD,MMOR,CBIH,ANIN,
NHAM,CCLC,AALP,OWAR,AHOM,NPOC,CTAL,CCAN,PGAR,
MMNV,OKIA,HEWI,LVER,UBTC,YBOL,GWAY,TRCK,JTEE,
HKAU,CGAV,XJEM,GOCO,ACHL,XDRI,MRCA,YALB,ABRO,
CLEO,OLOG,WAUG,AIMY,CPNY,XPEL,WWLC,MGRE,CALD,
LCAT,WORR,MNMA,MFIE,MHOL,YUSM,AFAR,CMRK,SMAG,
CALP,NYUC,MHLL,CFAW,GMID,AFOU,CSDD,TLIN,CDUT,
FSUW,OBRU,VNUL,FWIL,CFIG,CSPQ,CCLK,ITRA,CLHO,
MRON,WCA4,MMCF,CCRP,OGRN,CNUC,MPOW,ACOT,OFOR,
NSHY,COTA,GDAW,UCRC,APRO,TRAT,CWOF,CWAR,TWOO,
OZIM,CLAS,PKIN,MPRY,WGAN,CCPT,MFIS,CPIH,APFA,
CFVC,OMOO,NROC,OOWY,ZIOC,WDEE,OSTR,PBEA,WLOS,
CSCI,GSTA,ABRB,OTUM,ACHA,CWOL,ACAK,XMON,ILOE,
UTIK,TPAN,XCOY,NLIT,CEEC,CAPT,HP17,NVAL,WSPR,
PTUM,ATEB,IWAG,COKN,NWAY,TCED,POLD,ATON,AKAV,
KSOM,MCOP,CHOO,MZON,AONE,WJOH,CPEP,WMID,HKHK,
NCAT,CDPA,AQTZ,CJOH,CMCH,OBUS,MKIN,OCHY,MPLN,
OMET,CRUS,ALOS,XSLK,MMED,CKYR,AGAT,AMAY,OREB,
WSNI,LAVA,YBEL,UGRC,MWAK,TBIB,CBOL,NHOF,CPAN,
CAPP,CDCB,CLOG,IBWF,IAN2,ALIM,IDES,GGLI,HPAL,
CPNR,NJUN,CSQU,ITPL,CVND,CPLH,KPOT,PLGV,MCDV,
CSJK,ITEA,IPCN,CHAW,LBBR,OBLU,CCOH,PTHO,GCOH,
SSAV,WTEP,XSAA,TCLM,XCHU,MRLK,PCAB,CRCC,ABCA,
TCAM,MTUP,NGUI,CKNW,ANEV,WBEA,GPLA,CWPK,MUDS,
CUND,HKPR,TCOL,AKAN,TBRA,CLDK,APOO,MEFF,VASH,
OTIM,WGRE,MSTW,MHBR,VGDR,CGRE,CPIE,CBCN,AMRI,
CBML,APAR,GCHA,KING,OCAN,CMOH,NBES,WMIN,JRIN,
WENG,OANT,CMEA,FLKW,TMAA,IDER,OFIN,MORR,TWOL,
CJAR,CVAN,MHHS,XBLM,APAM,MIND,MGRB,AGOA,HWVA,
CLST,TANA,CFRA,TCOV,MDPC,PCOF,PDOL,XLUN,OBAD,
ISBB,COKG,AHAY,IMOO,CRDS,NARR,CMES,CCLV,CBR4,
WRCH,PBKN,CSHI,MRSC,WBUH,NMOU,VPIP,AKEL,CHAY,
IGRL,ICBO,ILIT,WSED,WOHA,CPUL,MALG,MTHO,CMSG,
CFOR,MZOR,CEEL,AGUT,ORYE,YAMP,CMTR,CLYC,AKOY,
HSFB,WFOR,IKEL,CJAC,TDOG,CSAD,OJRI,CEDM,BIGI,
APAY,CMIS,TARN,ABRI,NCAS,INOR,MSAW,CGRS,YSCH,
CSMP,CRNP,CEAG,MCAP,CMIO,NSIA,KPEA,TMCF,ATHO,
OSQU,TGRF,MBIG,SCAR,HORS,NDUK,OMAU,CSOD,AGRB,
MCRZ,VFLW,MHOR,WFLO,TMAT,HKAH,MBLC,CCLA,ASAK,
MHRV,ASDH,CLAY,ICRY,IGAS,NDAV,FRAC,MBUD,FAVO,
NRCK,CBOO,CDEX,ASEV,IMOD,ITWI,VELM,CSBG,LOST,
IISP,WAND,ADRY,CROU,TCAD,KFLH,FAVN,AHEL,PCOT,
MDRY,ASNI,COCR,OVIN,AYEL,CWSC,CUHL,MCHI,NWRN,
WGCD,CMRF,WJUN,IHPK,XRAM,CLPF,MWAT,CABS,TWAT,
NKNR,OBRB,ADBY,UKFO,MCPE,CDEV,NCRN,CSC1,AOK2,
NLPT,AHJK,INUC,IGOO,MBAU,CCP9,HMAR,NSPG,HKLK,
CLOP,OROC,FLSU,WMAM,HKAN,WWRX,OBEN,KKIR,NCYW,
COAR,CROS,TLGR,FLOX,MFER,NSCO,WCOU,AGRE,SWAM,
OGRM,WKLL,AQUA,IFIS,WBRF,WDIR,NBUX,CBEV,DPRI,
OALK,CKLM,WHIT,OLAG,CSMI,FPAI,WBLA,WSWA,CLYO,
IDEN,CCRA,CLKL,MFOH,HKMO,CSTO,JANC,KCIM,CCOT,
COWV,CSEC,OTOK,UDGN,ASAR,WGLI,ACAA,CMNC,NPAI,
CDVA,CMC3,LSAB,MMNN,AHIL,BRIM,CCO2,MMLK,PCHE,
CRFU,CLIF,AFYM,YLOW,NBAK,WBBL,CKYB,CLAD,WMUD,
ALGC,ICAN,WKES,NIMM,VBFK,NMOR,ONPR,WKET,PCPS,
AERV,MWDO,WPAL,CJAP,AZAR,CBDY,CALC,CHUM,MOBR,
OGAD,TCEH,IHSB,CGME,TSBS,ASHK,NLOS,OAGN,CLAP,
XMCH,CTOP,FPAW,OSLG,XDUN,CBRF,TULE,MBAL,MROS,
UCOT,WPOK,XEIG,COXR,MHIL,VMRT,CMAD,GOAK,ASMI,
ALIB,AGTR,NREN,OHOR,MWOL,CHNM,CMIA,MWSS,ACMP,
CWAL,CBLT,TCRO,CHLD,MKAB,MCCO,OSIG,MH41,XMIL,
WYTC,ASHA,MBRE,CMSA,TSHI,ASTM,YELL,ATHF,GARM,
CSLO,CMCN,XALB,MBSP,SPIN,WLNC,WCHE,CCHI,MLTF,
WHOY,WLCR,CBLV,TEAU,FOLU,ANIX,TTOW,CALA,CSAL,
VJAM,CHER,MASH,COKS,CROB,ADIX,PERI,CMCG,CSTA,
CDMC,CACT,MPLW,CPHI,WPEY,NQPK,HMAN,MMTV,MNES,
CCDZ,NCUR,I3MI,MFAR,CSTF,NMTI,CSC3,MEVA,AQUE,
MSOF,CCOC,TOMB,OCLV,SMAR,ALAK,VCRA,ABCK,AOAT,
ABNV,XSMO,OMOU,CNVF,WRAT,CFTC,MSAG,NGRC,HKOH,
AALC,TCLD,SRCW,ACHC,OBCP,MHRN,MSEN,NLEX,WINT,
TMID,CYUC,MJPK,VFAI,CPOT,CTE2,NNCP,XBRU,MMAR,
MBRN,XTRU,CJUN,OPRO,CDV2,ACAM,ASKT,ABBY,YCAT,
WLAN,MGPO,WCAM,AWUP,OPAR,IGRA,NMAJ,MTIS,ASHP,
MDRD,FJAX,IYRS,MLIH,NCOW,FSTM,CSQS,VSWE,TFAL,
CLUJ,IPIE,TLND,FCAC,WHOR,MARM,OBUE,MBLA,ISAL,
MPPH,VNAT,OBKL,CGHP,MPON,MSTK,CWSS,NPLC,ICRE,
ADEC,MSAN,OSHW,OWAG,CKNO,XPAD,AHOW,TKIR,OGER,
DRED,SFOP,CSWA,WLIN,WENU,WOWE,WEST,HORR,CLYT,
ANUU,WGRA,AKEN,MCPK,TJCR,TGRA,CCDG,HPHO,CNEE,
SBAK,CPOP,XPEC,NRUV,WMCK,IMOL,NCDI,WDEV,SWHI,
VFLA,CCOP,WSPL,GJON,MGRR,CCSC,OMUT,HKAP,CRIF,
SSHA,NDEC,CSBB,IEAG,ALMI,MOJI,GFTG,WSEW,AARM,
PASE,MBSM,LARB,OSMC,CSRO,CCAE,IMGP,XLAG,CMS2,
WBAI,TMAS,TATH,WSUM,FMER,CCWC,MAGA,CSSM,AWIG,
XJAR,MGIR,IKRI,MRAN,SORA,ASRS,ASTA,CSCE,NMON,
WABE,MBRR,ABUU,VBAC,CAGD,MHCK,CGYP,APIN,ABIL,
GPEM,WMNN,TSAB,TWHE,CPNT,MCSS,WLEI,UPRC,CBRK,
CHUR,GSTE,CCLE,CKV1,MISL,CTRA,TBAS,CBLH,CMLR,
ASSA,NBDY,GWAS,NDRY,MCLK,SPNN,CSTS,MSMI,AMTN,
PMAR,APNE,OPHI,ISKU,CINM,MDOE,WARC,ATAN,CLAB,
XMEL,RNIN,OMUL,CCCI,CLVQ,IFEN,AMUL,SHOR,OLAV,
ENTR,MCMD,GOKW,CPIU,WSTC,NSCH,ABOO,AYAN,CMVA,
KTAL,TFCL,IWEI,WSCH,IAN3,MGIN,SSV1,XSTO,AOPE,
ACHS,ATWE,CBUR,VERN,CSRT,NMCK,AVUN,CGAS,CSKU,
AMCA,CELC,CTOM,NSUN,WGRB,ATRI,MPKE,CFOU,MANT,
CROC,OOSA,FMIL,CPIK,SCSP,AREI,CJAY,ILCR,OSIL,
MWEL,NKNX,CPAL,CSDV,ATRU,CDUN,ARMC,CPFL,ACOA,
MCLE,SCON,AHOG,MMUN,ALBE,WHOZ,KCRI,TMEI,WKOS,
